,symboling,normalized-losses,make,num-of-doors,body-style,drive-wheels,engine-location,wheel-base,length,width,height,curb-weight,engine-type,num-of-cylinders,engine-size,fuel-system,bore,stroke,compression-ratio,horsepower,peak-rpm,city-mpg,highway-mpg,price,horsepower-binned,fuel-type-diesel,fuel-type-gas,aspiration-std,aspiration-turbo
0,3,123,alfa-romero,dos,convertible,rwd,delantero,88.6,0.8111484863046613,0.8902777777777777,0.8160535117056856,2548,dohc,cuatro,130,mpfi,3.47,2.68,9.0,111,5000.0,11.19047619047619,8.703703703703704,13495.0,Low,False,True,True,False
1,3,123,alfa-romero,dos,convertible,rwd,delantero,88.6,0.8111484863046613,0.8902777777777777,0.8160535117056856,2548,dohc,cuatro,130,mpfi,3.47,2.68,9.0,111,5000.0,11.19047619047619,8.703703703703704,16500.0,Low,False,True,True,False
2,1,123,alfa-romero,dos,hatchback,rwd,delantero,94.5,0.8226814031715521,0.9097222222222222,0.8762541806020067,2823,ohcv,seis,152,mpfi,2.68,3.47,9.0,154,5000.0,12.368421052631579,9.038461538461538,16500.0,Medium,False,True,True,False
3,2,164,audi,cuatro,sedán,fwd,delantero,99.8,0.8486304661220567,0.9194444444444445,0.9080267558528428,2337,ohc,cuatro,109,mpfi,3.19,3.4,10.0,102,5500.0,9.791666666666666,7.833333333333333,13950.0,Low,False,True,True,False
4,2,164,audi,cuatro,sedán,4wd,delantero,99.4,0.8486304661220567,0.9222222222222223,0.9080267558528428,2824,ohc,cinco,136,mpfi,3.19,3.4,8.0,115,5500.0,13.055555555555555,10.681818181818182,17450.0,Low,False,True,True,False
5,2,123,audi,dos,sedán,fwd,delantero,99.8,0.8519942335415667,0.9208333333333333,0.8879598662207359,2507,ohc,cinco,136,mpfi,3.19,3.4,8.5,110,5500.0,12.368421052631579,9.4,15250.0,Low,False,True,True,False
6,1,158,audi,cuatro,sedán,fwd,delantero,105.8,0.9259971167707832,0.9916666666666667,0.931438127090301,2844,ohc,cinco,136,mpfi,3.19,3.4,8.5,110,5500.0,12.368421052631579,9.4,17710.0,Low,False,True,True,False
7,1,123,audi,cuatro,wagon,fwd,delantero,105.8,0.9259971167707832,0.9916666666666667,0.931438127090301,2954,ohc,cinco,136,mpfi,3.19,3.4,8.5,110,5500.0,12.368421052631579,9.4,18920.0,Low,False,True,True,False
8,2,192,bmw,dos,sedán,rwd,delantero,101.2,0.849591542527631,0.8999999999999999,0.9080267558528428,2395,ohc,cuatro,108,mpfi,3.5,2.8,8.8,101,5800.0,10.217391304347826,8.10344827586207,16430.0,Low,False,True,True,False
9,0,192,bmw,cuatro,sedán,rwd,delantero,101.2,0.849591542527631,0.8999999999999999,0.9080267558528428,2395,ohc,cuatro,108,mpfi,3.5,2.8,8.8,101,5800.0,10.217391304347826,8.10344827586207,16925.0,Low,False,True,True,False
10,0,188,bmw,dos,sedán,rwd,delantero,101.2,0.849591542527631,0.8999999999999999,0.9080267558528428,2710,ohc,seis,164,mpfi,3.31,3.19,9.0,121,4250.0,11.19047619047619,8.392857142857142,20970.0,Medium,False,True,True,False
11,0,188,bmw,cuatro,sedán,rwd,delantero,101.2,0.849591542527631,0.8999999999999999,0.9080267558528428,2765,ohc,seis,164,mpfi,3.31,3.19,9.0,121,4250.0,11.19047619047619,8.392857142857142,21105.0,Medium,False,True,True,False
12,1,123,bmw,cuatro,sedán,rwd,delantero,103.5,0.9082172032676598,0.9291666666666667,0.931438127090301,3055,ohc,seis,164,mpfi,3.31,3.19,9.0,121,4250.0,11.75,9.4,24565.0,Medium,False,True,True,False
13,0,123,bmw,cuatro,sedán,rwd,delantero,103.5,0.9082172032676598,0.9291666666666667,0.931438127090301,3230,ohc,seis,209,mpfi,3.62,3.39,8.0,182,5400.0,14.6875,10.681818181818182,30760.0,Medium,False,True,True,False
14,0,123,bmw,dos,sedán,rwd,delantero,103.5,0.9312830370014417,0.9430555555555556,0.8979933110367894,3380,ohc,seis,209,mpfi,3.62,3.39,8.0,182,5400.0,14.6875,10.681818181818182,41315.0,Medium,False,True,True,False
15,0,123,bmw,cuatro,sedán,rwd,delantero,110.0,0.9466602594906295,0.9847222222222223,0.9414715719063546,3505,ohc,seis,209,mpfi,3.62,3.39,8.0,182,5400.0,15.666666666666666,11.75,36880.0,Medium,False,True,True,False
16,2,121,chevrolet,dos,hatchback,fwd,delantero,88.4,0.6780394041326285,0.8374999999999999,0.8896321070234114,1488,l,tres,61,2bbl,2.91,3.03,9.5,48,5100.0,5.0,4.433962264150943,5151.0,Low,False,True,True,False
17,0,81,chevrolet,cuatro,sedán,fwd,delantero,94.5,0.7630946660259491,0.8833333333333333,0.8695652173913044,1909,ohc,cuatro,90,2bbl,3.03,3.11,9.6,70,5400.0,6.184210526315789,5.465116279069767,6575.0,Low,False,True,True,False
18,1,118, dodge, dos, hatchback, fwd, delantero,93.7,0.7558865929841423,0.8861111111111111,0.8494983277591973, 1876, ohc, cuatro, 90, 2bbl,2.97,3.23,9.41,68,5500.0,6.351351351351352,5.7317073170731705,5572.0,Low,False,True,True,False
19,1,118, dodge, dos, hatchback, fwd, delantero,93.7,0.7558865929841423,0.8861111111111111,0.8494983277591973, 1876, ohc, cuatro, 90, 2bbl,2.97,3.23,9.4,68,5500.0,7.580645161290323,6.184210526315789,6377.0,Low,False,True,True,False
20,1,148, dodge, cuatro, hatchback, fwd, delantero,93.7,0.7558865929841423,0.8861111111111111,0.8461538461538463, 1967, ohc, cuatro, 90, 2bbl,2.97,3.23,9.4,68,5500.0,7.580645161290323,6.184210526315789,6229.0,Low,False,True,True,False
21,1,148, dodge, cuatro, sedán, fwd, delantero,93.7,0.7558865929841423,0.8861111111111111,0.8461538461538463, 1989, ohc, cuatro, 90, 2bbl,2.97,3.23,9.4,68,5500.0,7.580645161290323,6.184210526315789,6692.0,Low,False,True,True,False
22,1,148, dodge, cuatro, sedán, fwd, delantero,93.7,0.7558865929841423,0.8861111111111111,0.8461538461538463, 1989, ohc, cuatro, 90, 2bbl,2.97,3.23,9.4,68,5500.0,7.580645161290323,6.184210526315789,7609.0,Low,False,True,True,False
23,-1,110,dodge,cuatro,wagon,fwd,delantero,103.3,0.8390197020663143,0.8972222222222221,1.0,2535,ohc,cuatro,122,2bbl,3.34,3.46,8.5,88,5000.0,9.791666666666666,7.833333333333333,8921.0,Low,False,True,True,False
24,1,101,honda,dos,hatchback,fwd,delantero,93.7,0.7208073041806824,0.8888888888888888,0.8795986622073579,1940,ohc,cuatro,92,1bbl,2.91,3.41,9.2,76,6000.0,7.833333333333333,6.911764705882353,6529.0,Low,False,True,True,False
25,1,101,honda,dos,hatchback,fwd,delantero,93.7,0.7208073041806824,0.8888888888888888,0.8795986622073579,1956,ohc,cuatro,92,1bbl,2.91,3.41,9.2,76,6000.0,7.833333333333333,6.911764705882353,7129.0,Low,False,True,True,False
26,0,110,honda,cuatro,sedán,fwd,delantero,96.5,0.7851994233541567,0.8888888888888888,0.911371237458194,2010,ohc,cuatro,92,1bbl,2.91,3.41,9.2,76,6000.0,7.833333333333333,6.911764705882353,7295.0,Low,False,True,True,False
27,0,85,honda,cuatro,sedán,fwd,delantero,96.5,0.8428640076886112,0.9055555555555556,0.9046822742474917,2304,ohc,cuatro,110,1bbl,3.15,3.58,9.0,86,5800.0,8.703703703703704,7.121212121212121,8845.0,Low,False,True,True,False
28,0,85,honda,cuatro,sedán,fwd,delantero,96.5,0.8428640076886112,0.8680555555555556,0.9046822742474917,2372,ohc,cuatro,110,1bbl,3.15,3.58,9.0,86,5800.0,8.703703703703704,7.121212121212121,10295.0,Low,False,True,True,False
29,0,85,honda,cuatro,sedán,fwd,delantero,96.5,0.8428640076886112,0.9055555555555556,0.9046822742474917,2465,ohc,cuatro,110,mpfi,3.15,3.58,9.0,101,5800.0,9.791666666666666,8.392857142857142,12945.0,Low,False,True,True,False
30,1,107,honda,dos,sedán,fwd,delantero,96.5,0.8125901009130225,0.9166666666666666,0.8528428093645485,2293,ohc,cuatro,110,2bbl,3.15,3.58,9.1,100,5500.0,9.4,7.580645161290323,10345.0,Low,False,True,True,False
31,0,123,isuzu,cuatro,sedán,rwd,delantero,94.3,0.8202787121576165,0.8583333333333333,0.8946488294314382,2337,ohc,cuatro,111,2bbl,3.31,3.23,8.5,78,4800.0,9.791666666666666,8.10344827586207,6785.0,Low,False,True,True,False
32,2,123,isuzu,dos,hatchback,rwd,delantero,96.0,0.8294089380105718,0.9055555555555556,0.8595317725752508,2734,ohc,cuatro,119,spfi,3.43,3.23,9.2,90,5000.0,9.791666666666666,8.10344827586207,11048.0,Low,False,True,True,False
33,0,145,jaguar,cuatro,sedán,rwd,delantero,113.0,0.9591542527630946,0.9666666666666666,0.882943143812709,4066,dohc,seis,258,mpfi,3.63,4.17,8.1,176,4750.0,15.666666666666666,12.368421052631579,32250.0,Medium,False,True,True,False
34,0,123,jaguar,cuatro,sedán,rwd,delantero,113.0,0.9591542527630946,0.9666666666666666,0.882943143812709,4066,dohc,seis,258,mpfi,3.63,4.17,8.1,176,4750.0,15.666666666666666,12.368421052631579,35550.0,Medium,False,True,True,False
35,0,123,jaguar,dos,sedán,rwd,delantero,102.0,0.921191734742912,0.9805555555555555,0.7993311036789298,3950,ohcv,doce,326,mpfi,3.54,2.76,11.5,262,5000.0,18.076923076923077,13.823529411764707,36000.0,High,False,True,True,False
36,1,104,mazda,dos,hatchback,fwd,delantero,93.1,0.7645362806343105,0.8916666666666667,0.9046822742474917,1890,ohc,cuatro,91,2bbl,3.03,3.15,9.0,68,5000.0,7.833333333333333,7.580645161290323,5195.0,Low,False,True,True,False
37,1,104,mazda,dos,hatchback,fwd,delantero,93.1,0.7645362806343105,0.8916666666666667,0.9046822742474917,1900,ohc,cuatro,91,2bbl,3.03,3.15,9.0,68,5000.0,7.580645161290323,6.184210526315789,6095.0,Low,False,True,True,False
38,1,104,mazda,dos,hatchback,fwd,delantero,93.1,0.7645362806343105,0.8916666666666667,0.9046822742474917,1905,ohc,cuatro,91,2bbl,3.03,3.15,9.0,68,5000.0,7.580645161290323,6.184210526315789,6795.0,Low,False,True,True,False
39,1,113,mazda,cuatro,sedán,fwd,delantero,93.1,0.8015377222489188,0.8916666666666667,0.9046822742474917,1945,ohc,cuatro,91,2bbl,3.03,3.15,9.0,68,5000.0,7.580645161290323,6.184210526315789,6695.0,Low,False,True,True,False
40,1,113,mazda,cuatro,sedán,fwd,delantero,93.1,0.8015377222489188,0.8916666666666667,0.9046822742474917,1950,ohc,cuatro,91,2bbl,3.08,3.15,9.0,68,5000.0,7.580645161290323,6.184210526315789,7395.0,Low,False,True,True,False
41,3,150,mazda,dos,hatchback,rwd,delantero,95.3,0.8121095627102355,0.9125000000000001,0.8294314381270904,2380,rotor,dos,70,4bbl,3.3674093264248697,4.167253886010362,9.4,101,6000.0,13.823529411764707,10.217391304347826,10945.0,Low,False,True,True,False
42,3,150,mazda,dos,hatchback,rwd,delantero,95.3,0.8121095627102355,0.9125000000000001,0.8294314381270904,2380,rotor,dos,70,4bbl,3.3674093264248697,4.167253886010362,9.4,101,6000.0,13.823529411764707,10.217391304347826,11845.0,Low,False,True,True,False
43,3,150,mazda,dos,hatchback,rwd,delantero,95.3,0.8121095627102355,0.9125000000000001,0.8294314381270904,2385,rotor,dos,70,4bbl,3.3674093264248697,4.167253886010362,9.4,101,6000.0,13.823529411764707,10.217391304347826,13645.0,Low,False,True,True,False
44,3,150,mazda,dos,hatchback,rwd,delantero,95.3,0.8121095627102355,0.9125000000000001,0.8294314381270904,2500,rotor,dos,80,mpfi,3.3674093264248697,4.167253886010362,9.4,135,6000.0,14.6875,10.217391304347826,15645.0,Medium,False,True,True,False
45,1,129, Mazda, Dos, Hatchback, FWD, Delantero,98.8,0.8543969245555022,0.9236111111111112,0.8979933110367894, 2385, OHC, Cuatro, 122, 2bbl,3.39,3.39,8.6,84,4800.0,9.038461538461538,7.34375,8845.0,Low,False,True,True,False
46,0,115,mazda,cuatro,sedán,fwd,delantero,98.8,0.8543969245555022,0.9236111111111112,0.9280936454849499,2410,ohc,cuatro,122,2bbl,3.39,3.39,8.6,84,4800.0,9.038461538461538,7.34375,8495.0,Low,False,True,True,False
47,1,129, Mazda, Dos, Hatchback, FWD, Delantero,98.8,0.8543969245555022,0.9236111111111112,0.8979933110367894, 2385, OHC, Cuatro, 122, 2bbl,3.39,3.39,8.6,84,4800.0,9.038461538461538,7.34375,10595.0,Low,False,True,True,False
48,0,115,mazda,cuatro,sedán,fwd,delantero,98.8,0.8543969245555022,0.9236111111111112,0.9280936454849499,2410,ohc,cuatro,122,2bbl,3.39,3.39,8.6,84,4800.0,9.038461538461538,7.34375,10245.0,Low,False,True,True,False
49,0,123,mazda,,sedán,fwd,delantero,98.8,0.8543969245555022,0.9236111111111112,0.9280936454849499,2443,ohc,cuatro,122,idi,3.39,3.39,22.7,64,4650.0,6.527777777777778,5.595238095238095,10795.0,Low,True,False,True,False
50,0,115,mazda,cuatro,hatchback,fwd,delantero,98.8,0.8543969245555022,0.9236111111111112,0.9280936454849499,2425,ohc,cuatro,122,2bbl,3.39,3.39,8.6,84,4800.0,9.038461538461538,7.34375,11245.0,Low,False,True,True,False
51,0,118,mazda,cuatro,sedán,rwd,delantero,104.9,0.8409418548774628,0.9180555555555555,0.9096989966555185,2670,ohc,cuatro,140,mpfi,3.76,3.16,8.0,120,5000.0,12.368421052631579,8.703703703703704,18280.0,Medium,False,True,True,False
52,0,123,mazda,cuatro,sedán,rwd,delantero,104.9,0.8409418548774628,0.9180555555555555,0.9096989966555185,2700,ohc,cuatro,134,idi,3.43,3.64,22.0,72,4200.0,7.580645161290323,6.0256410256410255,18344.0,Low,True,False,True,False
53,-1,93,mercedes-benz,cuatro,sedán,rwd,delantero,110.0,0.9173474291206152,0.9763888888888889,0.9448160535117057,3515,ohc,cinco,183,idi,3.58,3.64,21.5,123,4350.0,10.681818181818182,9.4,25552.0,Medium,True,False,False,True
54,-1,93,mercedes-benz,cuatro,sedán,rwd,delantero,115.6,0.9735703988467083,0.9958333333333333,0.9414715719063546,3770,ohc,cinco,183,idi,3.58,3.64,21.5,123,4350.0,10.681818181818182,9.4,31600.0,Medium,True,False,False,True
55,-1,123,mercedes-benz,cuatro,sedán,rwd,delantero,115.6,0.9735703988467083,0.9958333333333333,0.9448160535117057,3740,ohcv,ocho,234,mpfi,3.46,3.1,8.3,155,4750.0,14.6875,13.055555555555555,34184.0,Medium,False,True,True,False
56,3,142,mercedes-benz,dos,convertible,rwd,delantero,96.6,0.8664103796251803,0.9791666666666666,0.8494983277591973,3685,ohcv,ocho,234,mpfi,3.46,3.1,8.3,155,4750.0,14.6875,13.055555555555555,35056.0,Medium,False,True,True,False
57,0,123,mercedes-benz,cuatro,sedán,rwd,delantero,120.9,1.0,0.9958333333333333,0.948160535117057,3900,ohcv,ocho,308,mpfi,3.8,3.35,8.0,184,4500.0,16.785714285714285,14.6875,40960.0,Medium,False,True,True,False
58,1,123,mercedes-benz,dos,techo rígido,rwd,delantero,112.0,0.9572320999519461,1.0,0.9264214046822743,3715,ohcv,ocho,304,mpfi,3.8,3.35,8.0,184,4500.0,16.785714285714285,14.6875,45400.0,Medium,False,True,True,False
59,1,123,mercurio,dos,hatchback,rwd,delantero,102.7,0.857280153772225,0.9444444444444444,0.9163879598662207,2910,ohc,cuatro,140,mpfi,3.78,3.12,8.0,175,5000.0,12.368421052631579,9.791666666666666,16503.0,Medium,False,True,False,True
60,2,161,mitsubishi,dos,hatchback,fwd,delantero,93.7,0.7558865929841423,0.8944444444444445,0.8494983277591973,1918,ohc,cuatro,92,2bbl,2.97,3.23,9.4,68,5500.0,6.351351351351352,5.7317073170731705,5389.0,Low,False,True,True,False
61,2,161,mitsubishi,dos,hatchback,fwd,delantero,93.7,0.7558865929841423,0.8944444444444445,0.8494983277591973,1944,ohc,cuatro,92,2bbl,2.97,3.23,9.4,68,5500.0,7.580645161290323,6.184210526315789,6189.0,Low,False,True,True,False
62,2,161,mitsubishi,dos,hatchback,fwd,delantero,93.7,0.7558865929841423,0.8944444444444445,0.8494983277591973,2004,ohc,cuatro,92,2bbl,2.97,3.23,9.4,68,5500.0,7.580645161290323,6.184210526315789,6669.0,Low,False,True,True,False
63,1,161,mitsubishi,dos,hatchback,fwd,delantero,93.0,0.7558865929841423,0.8861111111111111,0.8494983277591973,2145,ohc,cuatro,98,spdi,3.03,3.39,7.6,102,5500.0,9.791666666666666,7.833333333333333,7689.0,Low,False,True,False,True
64,3,153,mitsubishi,dos,hatchback,fwd,delantero,96.3,0.8313310908217203,0.9083333333333334,0.8260869565217391,2370,ohc,cuatro,110,spdi,3.17,3.46,7.5,116,5500.0,10.217391304347826,7.833333333333333,9959.0,Low,False,True,False,True
65,3,153,mitsubishi,dos,hatchback,fwd,delantero,96.3,0.8313310908217203,0.9083333333333334,0.8260869565217391,2328,ohc,cuatro,122,2bbl,3.35,3.46,8.5,88,5000.0,9.4,7.34375,8499.0,Low,False,True,True,False
66,3,123,mitsubishi,dos,hatchback,fwd,delantero,95.9,0.8322921672272945,0.9208333333333333,0.8394648829431439,2833,ohc,cuatro,156,spdi,3.58,3.86,7.0,145,5000.0,12.368421052631579,9.791666666666666,12629.0,Medium,False,True,False,True
67,3,123,mitsubishi,dos,hatchback,fwd,delantero,95.9,0.8322921672272945,0.9208333333333333,0.8394648829431439,2921,ohc,cuatro,156,spdi,3.59,3.86,7.0,145,5000.0,12.368421052631579,9.791666666666666,14869.0,Medium,False,True,False,True
68,3,123,mitsubishi,dos,hatchback,fwd,delantero,95.9,0.8322921672272945,0.9208333333333333,0.8394648829431439,2926,ohc,cuatro,156,spdi,3.59,3.86,7.0,145,5000.0,12.368421052631579,9.791666666666666,14489.0,Medium,False,True,False,True
69,1,125,mitsubishi,cuatro,sedán,fwd,delantero,96.3,0.8284478616049976,0.9083333333333334,0.8628762541806021,2365,ohc,cuatro,122,2bbl,3.35,3.46,8.5,88,5000.0,9.4,7.34375,6989.0,Low,False,True,True,False
70,1,125,mitsubishi,cuatro,sedán,fwd,delantero,96.3,0.8284478616049976,0.9083333333333334,0.8628762541806021,2405,ohc,cuatro,122,2bbl,3.35,3.46,8.5,88,5000.0,9.4,7.34375,8189.0,Low,False,True,True,False
71,1,125,mitsubishi,cuatro,sedán,fwd,delantero,96.3,0.8284478616049976,0.9083333333333334,0.8628762541806021,2403,ohc,cuatro,110,spdi,3.17,3.46,7.5,116,5500.0,10.217391304347826,7.833333333333333,9279.0,Low,False,True,False,True
72,-1,137,mitsubishi,cuatro,sedán,fwd,delantero,96.3,0.8284478616049976,0.9083333333333334,0.8628762541806021,2403,ohc,cuatro,110,spdi,3.17,3.46,7.5,116,5500.0,10.217391304347826,7.833333333333333,9279.0,Low,False,True,True,False
73,1,128,nissan,dos,sedán,fwd,delantero,94.5,0.794329649207112,0.8861111111111111,0.911371237458194,1889,ohc,cuatro,97,2bbl,3.15,3.29,9.4,69,5200.0,7.580645161290323,6.351351351351352,5499.0,Low,False,True,True,False
74,1,128,nissan,dos,sedán,fwd,delantero,94.5,0.794329649207112,0.8861111111111111,0.911371237458194,2017,ohc,cuatro,103,idi,2.99,3.47,21.9,55,4800.0,5.222222222222222,4.7,7099.0,Low,True,False,True,False
75,1,128,nissan,dos,sedán,fwd,delantero,94.5,0.794329649207112,0.8861111111111111,0.911371237458194,1918,ohc,cuatro,97,2bbl,3.15,3.29,9.4,69,5200.0,7.580645161290323,6.351351351351352,6649.0,Low,False,True,True,False
76,1,122,nissan,cuatro,sedán,fwd,delantero,94.5,0.794329649207112,0.8861111111111111,0.911371237458194,1938,ohc,cuatro,97,2bbl,3.15,3.29,9.4,69,5200.0,7.580645161290323,6.351351351351352,6849.0,Low,False,True,True,False
77,1,103,nissan,cuatro,wagon,fwd,delantero,94.5,0.8178760211436809,0.8861111111111111,0.8946488294314382,2024,ohc,cuatro,97,2bbl,3.15,3.29,9.4,69,5200.0,7.580645161290323,6.351351351351352,7349.0,Low,False,True,True,False
78,1,128,nissan,dos,sedán,fwd,delantero,94.5,0.794329649207112,0.8861111111111111,0.911371237458194,1951,ohc,cuatro,97,2bbl,3.15,3.29,9.4,69,5200.0,7.580645161290323,6.351351351351352,7299.0,Low,False,True,True,False
79,1,128,nissan,dos,hatchback,fwd,delantero,94.5,0.7957712638154734,0.8861111111111111,0.8913043478260869,2028,ohc,cuatro,97,2bbl,3.15,3.29,9.4,69,5200.0,7.580645161290323,6.351351351351352,7799.0,Low,False,True,True,False
80,1,122,nissan,cuatro,sedán,fwd,delantero,94.5,0.794329649207112,0.8861111111111111,0.911371237458194,1971,ohc,cuatro,97,2bbl,3.15,3.29,9.4,69,5200.0,7.580645161290323,6.351351351351352,7499.0,Low,False,True,True,False
81,1,103,nissan,cuatro,wagon,fwd,delantero,94.5,0.8178760211436809,0.8861111111111111,0.8946488294314382,2037,ohc,cuatro,97,2bbl,3.15,3.29,9.4,69,5200.0,7.580645161290323,6.351351351351352,7999.0,Low,False,True,True,False
82,0,106,nissan,cuatro,hatchback,fwd,delantero,97.2,0.8332532436328689,0.9055555555555556,0.9147157190635452,2324,ohc,cuatro,120,2bbl,3.33,3.47,8.5,97,5200.0,8.703703703703704,6.911764705882353,8949.0,Low,False,True,True,False
83,0,106,nissan,cuatro,sedán,fwd,delantero,97.2,0.8332532436328689,0.9055555555555556,0.9147157190635452,2302,ohc,cuatro,120,2bbl,3.33,3.47,8.5,97,5200.0,8.703703703703704,6.911764705882353,9549.0,Low,False,True,True,False
84,0,128,nissan,cuatro,sedán,fwd,delantero,100.4,0.8731379144641999,0.9236111111111112,0.9214046822742475,3095,ohcv,seis,181,mpfi,3.43,3.27,9.0,152,5200.0,13.823529411764707,10.681818181818182,13499.0,Medium,False,True,True,False
85,0,108,nissan,cuatro,wagon,fwd,delantero,100.4,0.8870735223450265,0.9236111111111112,0.9381270903010034,3296,ohcv,seis,181,mpfi,3.43,3.27,9.0,152,5200.0,13.823529411764707,10.681818181818182,14399.0,Medium,False,True,True,False
86,0,108,nissan,cuatro,sedán,fwd,delantero,100.4,0.8870735223450265,0.9236111111111112,0.9214046822742475,3060,ohcv,seis,181,mpfi,3.43,3.27,9.0,152,5200.0,12.368421052631579,9.4,13499.0,Medium,False,True,True,False
87,3,194,nissan,dos,hatchback,rwd,delantero,91.3,0.8202787121576165,0.9430555555555556,0.831103678929766,3071,ohcv,seis,181,mpfi,3.43,3.27,9.0,160,5200.0,12.368421052631579,9.4,17199.0,Medium,False,True,True,False
88,3,194,nissan,dos,hatchback,rwd,delantero,91.3,0.8202787121576165,0.9430555555555556,0.831103678929766,3139,ohcv,seis,181,mpfi,3.43,3.27,7.8,200,5200.0,13.823529411764707,10.217391304347826,19699.0,High,False,True,False,True
89,1,231,nissan,dos,hatchback,rwd,delantero,99.2,0.857760691975012,0.9430555555555556,0.831103678929766,3139,ohcv,seis,181,mpfi,3.43,3.27,9.0,160,5200.0,12.368421052631579,9.4,18399.0,Medium,False,True,True,False
90,0,161,peugot,cuatro,sedán,rwd,delantero,107.9,0.897164824603556,0.9500000000000001,0.948160535117057,3020,l,cuatro,120,mpfi,3.46,3.19,8.4,97,5000.0,12.368421052631579,9.791666666666666,11900.0,Low,False,True,True,False
91,0,161,peugot,cuatro,sedán,rwd,delantero,107.9,0.897164824603556,0.9500000000000001,0.948160535117057,3197,l,cuatro,152,idi,3.7,3.52,21.0,95,4150.0,8.392857142857142,7.121212121212121,13200.0,Low,True,False,False,True
92,0,123,peugot,cuatro,wagon,rwd,delantero,114.2,0.9557904853435849,0.9500000000000001,0.9816053511705687,3230,l,cuatro,120,mpfi,3.46,3.19,8.4,97,5000.0,12.368421052631579,9.791666666666666,12440.0,Low,False,True,True,False
93,0,123,peugot,cuatro,wagon,rwd,delantero,114.2,0.9557904853435849,0.9500000000000001,0.9816053511705687,3430,l,cuatro,152,idi,3.7,3.52,21.0,95,4150.0,9.4,9.4,13860.0,Low,True,False,False,True
94,0,161,peugot,cuatro,sedán,rwd,delantero,107.9,0.897164824603556,0.9500000000000001,0.948160535117057,3075,l,cuatro,120,mpfi,3.46,2.19,8.4,95,5000.0,12.368421052631579,9.791666666666666,15580.0,Low,False,True,True,False
95,0,161,peugot,cuatro,sedán,rwd,delantero,107.9,0.897164824603556,0.9500000000000001,0.948160535117057,3252,l,cuatro,152,idi,3.7,3.52,21.0,95,4150.0,8.392857142857142,7.121212121212121,16900.0,Low,True,False,False,True
96,0,123,peugot,cuatro,wagon,rwd,delantero,114.2,0.9557904853435849,0.9500000000000001,0.948160535117057,3285,l,cuatro,120,mpfi,3.46,2.19,8.4,95,5000.0,12.368421052631579,9.791666666666666,16695.0,Low,False,True,True,False
97,0,123,peugot,cuatro,wagon,rwd,delantero,114.2,0.9557904853435849,0.9500000000000001,0.9816053511705687,3485,l,cuatro,152,idi,3.7,3.52,21.0,95,4150.0,9.4,9.4,17075.0,Low,True,False,False,True
98,0,161,peugot,cuatro,sedán,rwd,delantero,107.9,0.897164824603556,0.9500000000000001,0.948160535117057,3075,l,cuatro,120,mpfi,3.46,3.19,8.4,97,5000.0,12.368421052631579,9.791666666666666,16630.0,Low,False,True,True,False
99,0,161,peugot,cuatro,sedán,rwd,delantero,107.9,0.897164824603556,0.9500000000000001,0.948160535117057,3252,l,cuatro,152,idi,3.7,3.52,21.0,95,4150.0,8.392857142857142,7.121212121212121,17950.0,Low,True,False,False,True
100,0,161,peugot,cuatro,sedán,rwd,delantero,108.0,0.897164824603556,0.9486111111111111,0.9364548494983278,3130,l,cuatro,134,mpfi,3.61,3.21,7.0,142,5600.0,13.055555555555555,9.791666666666666,18150.0,Medium,False,True,False,True
101,1,154, plymouth, cuatro, hatchback, fwd, delantero,93.7,0.7558865929841423,0.8861111111111111,0.8461538461538463, 1967, ohc, cuatro, 90, 2bbl,2.97,3.23,9.4,68,5500.0,7.580645161290323,6.184210526315789,6229.0,Low,False,True,True,False
102,1,154, plymouth, cuatro, sedán, fwd, delantero,93.7,0.8039404132628545,0.8861111111111111,0.8494983277591973, 1989, ohc, cuatro, 90, 2bbl,2.97,3.23,9.4,68,5500.0,7.580645161290323,6.184210526315789,6692.0,Low,False,True,True,False
103,1,154, plymouth, cuatro, sedán, fwd, delantero,93.7,0.8039404132628545,0.8861111111111111,0.8494983277591973, 2191, ohc, cuatro, 98, 2bbl,2.97,3.23,9.4,68,5500.0,7.580645161290323,6.184210526315789,7609.0,Low,False,True,True,False
104,-1,74,plymouth,cuatro,wagon,fwd,delantero,103.3,0.8390197020663143,0.8972222222222221,1.0,2535,ohc,cuatro,122,2bbl,3.35,3.46,8.5,88,5000.0,9.791666666666666,7.833333333333333,8921.0,Low,False,True,True,False
105,3,123,plymouth,dos,hatchback,rwd,delantero,95.9,0.8322921672272945,0.9208333333333333,0.8394648829431439,2818,ohc,cuatro,156,spdi,3.59,3.86,7.0,145,5000.0,12.368421052631579,9.791666666666666,12764.0,Medium,False,True,False,True
106,3,186,porsche,dos,hatchback,rwd,delantero,94.5,0.8116290245074483,0.9486111111111111,0.8394648829431439,2778,ohc,cuatro,151,mpfi,3.94,3.11,9.5,143,5500.0,12.368421052631579,8.703703703703704,22018.0,Medium,False,True,True,False
107,3,123,porsche,dos,techo rígido,rwd,trasero,89.5,0.8116290245074483,0.9027777777777778,0.8628762541806021,2756,ohcf,seis,194,mpfi,3.74,2.9,9.5,207,5900.0,13.823529411764707,9.4,32528.0,High,False,True,True,False
108,3,123,porsche,dos,techo rígido,rwd,trasero,89.5,0.8116290245074483,0.9027777777777778,0.8628762541806021,2756,ohcf,seis,194,mpfi,3.74,2.9,9.5,207,5900.0,13.823529411764707,9.4,34028.0,High,False,True,True,False
109,3,123,porsche,dos,convertible,rwd,trasero,89.5,0.8116290245074483,0.9027777777777778,0.8628762541806021,2800,ohcf,seis,194,mpfi,3.74,2.9,9.5,207,5900.0,13.823529411764707,9.4,37028.0,High,False,True,True,False
110,0,123,renault,cuatro,wagon,fwd,delantero,96.1,0.8721768380586257,0.9236111111111112,0.9230769230769231,2579,ohc,cuatro,132,mpfi,3.46,3.9,8.7,68,4721.969230769231,10.217391304347826,7.580645161290323,9295.0,Low,False,True,True,False
111,2,123,renault,dos,hatchback,fwd,delantero,96.1,0.849591542527631,0.9249999999999999,0.8444816053511706,2460,ohc,cuatro,132,mpfi,3.46,3.9,8.7,68,4721.969230769231,10.217391304347826,7.580645161290323,9895.0,Low,False,True,True,False
112,3,150,saab,dos,hatchback,fwd,delantero,99.1,0.8966842864007688,0.9236111111111112,0.9381270903010034,2658,ohc,cuatro,121,mpfi,3.54,3.07,9.31,110,5250.0,11.19047619047619,8.392857142857142,11850.0,Low,False,True,True,False
113,2,104,saab,cuatro,sedán,fwd,delantero,99.1,0.8966842864007688,0.9236111111111112,0.9381270903010034,2695,ohc,cuatro,121,mpfi,3.54,3.07,9.3,110,5250.0,11.19047619047619,8.392857142857142,12170.0,Low,False,True,True,False
114,3,150,saab,dos,hatchback,fwd,delantero,99.1,0.8966842864007688,0.9236111111111112,0.9381270903010034,2707,ohc,cuatro,121,mpfi,2.54,2.07,9.3,110,5250.0,11.19047619047619,8.392857142857142,15040.0,Low,False,True,True,False
115,2,104,saab,cuatro,sedán,fwd,delantero,99.1,0.8966842864007688,0.9236111111111112,0.9381270903010034,2758,ohc,cuatro,121,mpfi,3.54,3.07,9.3,110,5250.0,11.19047619047619,8.392857142857142,15510.0,Low,False,True,True,False
116,2,83,subaru,dos,hatchback,fwd,delantero,93.7,0.7539644401729938,0.8805555555555555,0.8979933110367894,2050,ohcf,cuatro,97,2bbl,3.62,2.36,9.0,69,4900.0,7.580645161290323,6.527777777777778,5118.0,Low,False,True,True,False
117,2,83,subaru,dos,hatchback,fwd,delantero,93.7,0.758769822200865,0.8833333333333333,0.8979933110367894,2120,ohcf,cuatro,108,2bbl,3.62,2.64,8.7,73,4400.0,9.038461538461538,7.580645161290323,7053.0,Low,False,True,True,False
118,2,83,subaru,dos,hatchback,4wd,delantero,93.3,0.7558865929841423,0.8861111111111111,0.931438127090301,2240,ohcf,cuatro,108,2bbl,3.62,2.64,8.7,73,4400.0,9.038461538461538,7.580645161290323,7603.0,Low,False,True,True,False
119,0,102,subaru,cuatro,sedán,fwd,delantero,97.2,0.8265257087938491,0.9083333333333334,0.8779264214046824,2145,ohcf,cuatro,108,2bbl,3.62,2.64,9.5,82,4800.0,7.34375,6.351351351351352,7126.0,Low,False,True,True,False
120,0,102,subaru,cuatro,sedán,fwd,delantero,97.2,0.8265257087938491,0.9083333333333334,0.8779264214046824,2190,ohcf,cuatro,108,2bbl,3.62,2.64,9.5,82,4400.0,8.392857142857142,7.121212121212121,7775.0,Low,False,True,True,False
121,0,102,subaru,cuatro,sedán,fwd,delantero,97.2,0.8265257087938491,0.9083333333333334,0.8779264214046824,2340,ohcf,cuatro,108,mpfi,3.62,2.64,9.0,94,5200.0,9.038461538461538,7.34375,9960.0,Low,False,True,True,False
122,0,102,subaru,cuatro,sedán,4wd,delantero,97.0,0.8265257087938491,0.9083333333333334,0.9080267558528428,2385,ohcf,cuatro,108,2bbl,3.62,2.64,9.0,82,4800.0,9.791666666666666,9.4,9233.0,Low,False,True,True,False
123,0,102,subaru,cuatro,sedán,4wd,delantero,97.0,0.8265257087938491,0.9083333333333334,0.9080267558528428,2510,ohcf,cuatro,108,mpfi,3.62,2.64,7.7,111,4800.0,9.791666666666666,8.10344827586207,11259.0,Low,False,True,False,True
124,0,89,Subaru,Cuatro,Van,FWD,Delantero,97.0,0.8337337818356559,0.9083333333333334,0.8862876254180603,2290,OHCF,Cuatro,108,2bbl,3.62,2.64,9.0,82,4800.0,8.392857142857142,7.34375,7463.0,Low,False,True,True,False
125,0,89,Subaru,Cuatro,Van,FWD,Delantero,97.0,0.8337337818356559,0.9083333333333334,0.8862876254180603,2455,OHCF,Cuatro,108,MPFI,3.62,2.64,9.0,94,5200.0,9.4,7.580645161290323,10198.0,Low,False,True,True,False
126,1,87,toyota,dos,hatchback,fwd,delantero,95.7,0.762614127823162,0.8833333333333333,0.911371237458194,1985,ohc,cuatro,92,2bbl,3.05,3.03,9.0,62,4800.0,6.714285714285714,6.0256410256410255,5348.0,Low,False,True,True,False
127,1,74,toyota,cuatro,hatchback,fwd,delantero,95.7,0.762614127823162,0.8833333333333333,0.911371237458194,2015,ohc,cuatro,92,2bbl,3.05,3.03,9.0,62,4800.0,7.580645161290323,6.184210526315789,6488.0,Low,False,True,True,False
128,0,81,toyota,cuatro,wagon,4wd,delantero,95.7,0.8154733301297453,0.8833333333333333,0.988294314381271,2290,ohc,cuatro,92,2bbl,3.05,3.03,9.0,62,4800.0,8.703703703703704,7.34375,7898.0,Low,False,True,True,False
129,0,91,toyota,cuatro,wagon,4wd,delantero,95.7,0.8154733301297453,0.8833333333333333,0.988294314381271,3110,ohc,cuatro,92,2bbl,3.05,3.03,9.0,62,4800.0,8.703703703703704,7.34375,8778.0,Low,False,True,True,False
130,0,91,toyota,cuatro,sedán,fwd,delantero,95.7,0.7991350312349833,0.8944444444444445,0.8862876254180603,2081,ohc,cuatro,98,2bbl,3.19,3.03,9.0,70,4800.0,7.833333333333333,6.351351351351352,6938.0,Low,False,True,True,False
131,0,91,toyota,cuatro,hatchback,fwd,delantero,95.7,0.7991350312349833,0.8944444444444445,0.882943143812709,2109,ohc,cuatro,98,2bbl,3.19,3.03,9.0,70,4800.0,7.833333333333333,6.351351351351352,7198.0,Low,False,True,True,False
132,0,91,toyota,cuatro,sedán,fwd,delantero,95.7,0.7991350312349833,0.8944444444444445,0.8862876254180603,2275,ohc,cuatro,110,idi,3.27,3.35,22.5,56,4500.0,6.911764705882353,6.527777777777778,7898.0,Low,True,False,True,False
133,0,91,toyota,cuatro,hatchback,fwd,delantero,95.7,0.7991350312349833,0.8944444444444445,0.882943143812709,2275,ohc,cuatro,110,idi,3.27,3.35,22.5,56,4500.0,6.184210526315789,5.0,7788.0,Low,True,False,True,False
134,0,91,toyota,cuatro,sedán,fwd,delantero,95.7,0.7991350312349833,0.8944444444444445,0.8862876254180603,2094,ohc,cuatro,98,2bbl,3.19,3.03,9.0,70,4800.0,6.184210526315789,5.0,7738.0,Low,False,True,True,False
135,0,91,toyota,cuatro,hatchback,fwd,delantero,95.7,0.7991350312349833,0.8944444444444445,0.882943143812709,2122,ohc,cuatro,98,2bbl,3.19,3.03,9.0,70,4800.0,8.392857142857142,6.911764705882353,8358.0,Low,False,True,True,False
136,0,91,toyota,cuatro,sedán,fwd,delantero,95.7,0.7991350312349833,0.8944444444444445,0.882943143812709,2140,ohc,cuatro,98,2bbl,3.19,3.03,9.0,70,4800.0,8.392857142857142,6.911764705882353,9258.0,Low,False,True,True,False
137,1,168,toyota,dos,sedán,rwd,delantero,94.5,0.810667948101874,0.8888888888888888,0.8795986622073579,2169,ohc,cuatro,98,2bbl,3.19,3.03,9.0,70,4800.0,8.10344827586207,6.911764705882353,8058.0,Low,False,True,True,False
138,1,168,toyota,dos,hatchback,rwd,delantero,94.5,0.810667948101874,0.8888888888888888,0.8795986622073579,2204,ohc,cuatro,98,2bbl,3.19,3.03,9.0,70,4800.0,8.10344827586207,6.911764705882353,8238.0,Low,False,True,True,False
139,1,168,toyota,dos,sedán,rwd,delantero,94.5,0.810667948101874,0.8888888888888888,0.8795986622073579,2265,dohc,cuatro,98,mpfi,3.24,3.08,9.4,112,6600.0,9.038461538461538,8.10344827586207,9298.0,Low,False,True,True,False
140,1,168,toyota,dos,hatchback,tracción trasera,delantero,94.5,0.810667948101874,0.8888888888888888,0.8795986622073579,2300,dohc,cuatro,98,mpfi,3.24,3.08,9.4,112,6600.0,9.038461538461538,8.10344827586207,9538.0,Low,False,True,True,False
141,2,134,toyota,dos,techo rígido,rwd,delantero,98.4,0.8467083133109082,0.911111111111111,0.8695652173913044,2540,ohc,cuatro,146,mpfi,3.62,3.5,9.3,116,4800.0,9.791666666666666,7.833333333333333,8449.0,Low,False,True,True,False
142,2,134,toyota,dos,techo rígido,rwd,delantero,98.4,0.8467083133109082,0.911111111111111,0.8695652173913044,2536,ohc,cuatro,146,mpfi,3.62,3.5,9.3,116,4800.0,9.791666666666666,7.833333333333333,9639.0,Low,False,True,True,False
143,2,134,toyota,dos,hatchback,rwd,delantero,98.4,0.8467083133109082,0.911111111111111,0.8695652173913044,2551,ohc,cuatro,146,mpfi,3.62,3.5,9.3,116,4800.0,9.791666666666666,7.833333333333333,9989.0,Low,False,True,True,False
144,2,134,toyota,dos,techo rígido,rwd,delantero,98.4,0.8467083133109082,0.911111111111111,0.8695652173913044,2679,ohc,cuatro,146,mpfi,3.62,3.5,9.3,116,4800.0,9.791666666666666,7.833333333333333,11199.0,Low,False,True,True,False
145,2,134,toyota,dos,hatchback,rwd,delantero,98.4,0.8467083133109082,0.911111111111111,0.8695652173913044,2714,ohc,cuatro,146,mpfi,3.62,3.5,9.3,116,4800.0,9.791666666666666,7.833333333333333,11549.0,Low,False,True,True,False
146,2,134,toyota,dos,convertible,rwd,delantero,98.4,0.8467083133109082,0.911111111111111,0.8862876254180603,2975,ohc,cuatro,146,mpfi,3.62,3.5,9.3,116,4800.0,9.791666666666666,7.833333333333333,17669.0,Low,False,True,True,False
147,-1,65,toyota,cuatro,sedán,fwd,delantero,102.4,0.8438250840941854,0.9236111111111112,0.9180602006688964,2326,ohc,cuatro,122,mpfi,3.31,3.54,8.7,92,4200.0,8.10344827586207,6.911764705882353,8948.0,Low,False,True,True,False
148,-1,65,toyota,cuatro,sedán,fwd,delantero,102.4,0.8438250840941854,0.9236111111111112,0.9180602006688964,2480,ohc,cuatro,110,idi,3.27,3.35,22.5,73,4500.0,7.833333333333333,7.121212121212121,10698.0,Low,True,False,False,True
149,-1,65,toyota,cuatro,hatchback,fwd,delantero,102.4,0.8438250840941854,0.9236111111111112,0.9013377926421405,2414,ohc,cuatro,122,mpfi,3.31,3.54,8.7,92,4200.0,8.703703703703704,7.34375,9988.0,Low,False,True,True,False
150,-1,65,toyota,cuatro,sedán,fwd,delantero,102.4,0.8438250840941854,0.9236111111111112,0.9180602006688964,2414,ohc,cuatro,122,mpfi,3.31,3.54,8.7,92,4200.0,8.703703703703704,7.34375,10898.0,Low,False,True,True,False
151,3,197,toyota,dos,hatchback,rwd,delantero,102.9,0.8817876021143681,0.9402777777777778,0.8695652173913044,2976,dohc,seis,171,mpfi,3.27,3.35,9.3,161,5200.0,11.75,9.791666666666666,16558.0,Medium,False,True,True,False
152,3,197,toyota,dos,hatchback,rwd,delantero,102.9,0.8817876021143681,0.9402777777777778,0.8695652173913044,3016,dohc,seis,171,mpfi,3.27,3.35,9.3,161,5200.0,12.368421052631579,9.791666666666666,15998.0,Medium,False,True,True,False
153,-1,90,toyota,cuatro,sedán,rwd,delantero,104.5,0.9024507448342144,0.9236111111111112,0.9046822742474917,3131,dohc,seis,171,mpfi,3.27,3.35,9.2,156,5200.0,11.75,9.791666666666666,15690.0,Medium,False,True,True,False
154,-1,123,toyota,cuatro,wagon,rwd,delantero,104.5,0.9024507448342144,0.9236111111111112,0.9046822742474917,3151,dohc,seis,161,mpfi,3.27,3.35,9.2,156,5200.0,12.368421052631579,9.791666666666666,15750.0,Medium,False,True,True,False
155,2,122,volkswagen,dos,sedán,fwd,delantero,97.3,0.8250840941854877,0.9097222222222222,0.931438127090301,2261,ohc,cuatro,97,idi,3.01,3.4,23.0,52,4800.0,6.351351351351352,5.108695652173913,7775.0,Low,True,False,True,False
156,2,122,volkswagen,dos,sedán,fwd,delantero,97.3,0.8250840941854877,0.9097222222222222,0.931438127090301,2209,ohc,cuatro,109,mpfi,3.19,3.4,9.0,85,5250.0,8.703703703703704,6.911764705882353,7975.0,Low,False,True,True,False
157,2,94,volkswagen,cuatro,sedán,fwd,delantero,97.3,0.8250840941854877,0.9097222222222222,0.931438127090301,2264,ohc,cuatro,97,idi,3.01,3.4,23.0,52,4800.0,6.351351351351352,5.108695652173913,7995.0,Low,True,False,True,False
158,2,94,volkswagen,cuatro,sedán,fwd,delantero,97.3,0.8250840941854877,0.9097222222222222,0.931438127090301,2212,ohc,cuatro,109,mpfi,3.19,3.4,9.0,85,5250.0,8.703703703703704,6.911764705882353,8195.0,Low,False,True,True,False
159,2,94,volkswagen,cuatro,sedán,fwd,delantero,97.3,0.8250840941854877,0.9097222222222222,0.931438127090301,2275,ohc,cuatro,109,mpfi,3.19,3.4,9.0,85,5250.0,8.703703703703704,6.911764705882353,8495.0,Low,False,True,True,False
160,2,94,volkswagen,cuatro,sedán,fwd,delantero,97.3,0.8250840941854877,0.9097222222222222,0.931438127090301,2319,ohc,cuatro,97,idi,3.01,3.4,23.0,68,4500.0,6.351351351351352,5.595238095238095,9495.0,Low,True,False,False,True
161,2,94,volkswagen,cuatro,sedán,fwd,delantero,97.3,0.8250840941854877,0.9097222222222222,0.931438127090301,2300,ohc,cuatro,109,mpfi,3.19,3.4,10.0,100,5500.0,9.038461538461538,7.34375,9995.0,Low,False,True,True,False
162,3,123,volkswagen,dos,convertible,fwd,delantero,94.5,0.7654973570398848,0.8916666666666667,0.9297658862876255,2254,ohc,cuatro,109,mpfi,3.19,3.4,8.5,90,5500.0,9.791666666666666,8.10344827586207,11595.0,Low,False,True,True,False
163,3,256,volkswagen,dos,hatchback,fwd,delantero,94.5,0.7962518020182604,0.8888888888888888,0.8595317725752508,2221,ohc,cuatro,109,mpfi,3.19,3.4,8.5,90,5500.0,9.791666666666666,8.10344827586207,9980.0,Low,False,True,True,False
164,0,123,volkswagen,cuatro,sedán,fwd,delantero,100.4,0.865929841422393,0.9291666666666667,0.9214046822742475,2661,ohc,cinco,136,mpfi,3.19,3.4,8.5,110,5500.0,12.368421052631579,9.791666666666666,13295.0,Low,False,True,True,False
165,0,123,volkswagen,cuatro,sedán,fwd,delantero,100.4,0.865929841422393,0.9291666666666667,0.9214046822742475,2579,ohc,cuatro,97,idi,3.01,3.4,23.0,68,4500.0,7.121212121212121,6.184210526315789,13845.0,Low,True,False,False,True
166,0,123,volkswagen,cuatro,wagon,fwd,delantero,100.4,0.8798654493032196,0.9291666666666667,0.9214046822742475,2563,ohc,cuatro,109,mpfi,3.19,3.4,9.0,88,5500.0,9.4,7.580645161290323,12290.0,Low,False,True,True,False
167,-2,103,volvo,cuatro,sedán,rwd,delantero,104.3,0.9072561268620856,0.9333333333333333,0.939799331103679,2912,ohc,cuatro,141,mpfi,3.78,3.15,9.5,114,5400.0,10.217391304347826,8.392857142857142,12940.0,Low,False,True,True,False
168,-1,74,volvo,cuatro,wagon,rwd,delantero,104.3,0.9072561268620856,0.9333333333333333,0.9615384615384616,3034,ohc,cuatro,141,mpfi,3.78,3.15,9.5,114,5400.0,10.217391304347826,8.392857142857142,13415.0,Low,False,True,True,False
169,-2,103,volvo,cuatro,sedán,rwd,delantero,104.3,0.9072561268620856,0.9333333333333333,0.939799331103679,2935,ohc,cuatro,141,mpfi,3.78,3.15,9.5,114,5400.0,9.791666666666666,8.392857142857142,15985.0,Low,False,True,True,False
170,-1,74,volvo,cuatro,wagon,rwd,delantero,104.3,0.9072561268620856,0.9333333333333333,0.9615384615384616,3042,ohc,cuatro,141,mpfi,3.78,3.15,9.5,114,5400.0,9.791666666666666,8.392857142857142,16515.0,Low,False,True,True,False
171,-2,103,volvo,cuatro,sedán,rwd,delantero,104.3,0.9072561268620856,0.9333333333333333,0.939799331103679,3045,ohc,cuatro,130,mpfi,3.62,3.15,7.5,162,5100.0,13.823529411764707,10.681818181818182,18420.0,Medium,False,True,False,True
172,-1,74,volvo,cuatro,camioneta,rwd,delantero,104.3,0.9072561268620856,0.9333333333333333,0.9615384615384616,3157,ohc,cuatro,130,mpfi,3.62,3.15,7.5,162,5100.0,13.823529411764707,10.681818181818182,18950.0,Medium,False,True,False,True
173,-1,95,volvo,cuatro,sedán,rwd,delantero,109.1,0.9072561268620856,0.9569444444444445,0.9280936454849499,2952,ohc,cuatro,141,mpfi,3.78,3.15,9.5,114,5400.0,10.217391304347826,8.392857142857142,16845.0,Low,False,True,True,False
174,-1,95,volvo,cuatro,sedán,rwd,delantero,109.1,0.9072561268620856,0.9555555555555555,0.9280936454849499,3049,ohc,cuatro,141,mpfi,3.78,3.15,8.7,160,5300.0,12.368421052631579,9.4,19045.0,Medium,False,True,False,True
175,-1,95,volvo,cuatro,sedán,rwd,delantero,109.1,0.9072561268620856,0.9569444444444445,0.9280936454849499,3012,ohcv,seis,173,mpfi,3.58,2.87,8.8,134,5500.0,13.055555555555555,10.217391304347826,21485.0,Medium,False,True,True,False
176,-1,95,volvo,cuatro,sedán,rwd,delantero,109.1,0.9072561268620856,0.9569444444444445,0.9280936454849499,3217,ohc,seis,145,idi,3.01,3.4,23.0,106,4800.0,9.038461538461538,8.703703703703704,22470.0,Low,True,False,False,True
177,-1,95,volvo,cuatro,sedán,rwd,delantero,109.1,0.9072561268620856,0.9569444444444445,0.9280936454849499,3062,ohc,cuatro,141,mpfi,3.78,3.15,9.5,114,5400.0,12.368421052631579,9.4,22625.0,Low,False,True,False,True
